{
    "pe": [0.2164884729382647, 17.174669892864713],
    "dy": [0.034556913031198136, 0.0876931181106818]
}